Title,groupurl,category
アルバート、はなして,劇団名彗星マジック,https://kan-geki.com/streaming/play/1,"カテゴリーファンタジー,ドラマ,"
空飛ぶ本屋さん～カウントダウンパーティ編,劇団名激団しろっとそん,https://kan-geki.com/streaming/play/9,"カテゴリーファンタジー,ドラマ,"
HYBRID ITEM,劇団名匿名劇壇,https://kan-geki.com/streaming/play/10,"カテゴリーその他,"
PUNK HOLIDAY,劇団名匿名劇壇,https://kan-geki.com/streaming/play/11,"カテゴリーその他,"
終末の予定,劇団名匿名劇壇,https://kan-geki.com/streaming/play/12,"カテゴリードラマ,その他,"
気持ちいい教育,劇団名匿名劇壇,https://kan-geki.com/streaming/play/13,"カテゴリードラマ,"
ごっこでいいから、手をつないでて,劇団名baghdadcafe’,https://kan-geki.com/streaming/play/14,"カテゴリーファンタジー,"
男子(2月3日公演),劇団名baghdadcafe’,https://kan-geki.com/streaming/play/15,"カテゴリーファンタジー,"
サヨナラ,劇団名baghdadcafe’,https://kan-geki.com/streaming/play/16,"カテゴリーファンタジー,ドラマ,"
犬公方踊る綱吉くん 日本ver,劇団名超人予備校,https://kan-geki.com/streaming/play/17,"カテゴリー時代劇（歴史劇）,ダンス・舞踏・パフォーマンス,"
トラにパンチ！,劇団名超人予備校,https://kan-geki.com/streaming/play/18,"カテゴリーコメディ,ダンス・舞踏・パフォーマンス,"
SQUARE AREA,劇団名劇団壱劇屋,https://kan-geki.com/streaming/play/19,"カテゴリードラマ,ミステリー・サスペンス,ダンス・舞踏・パフォーマンス,"
回想電車999,劇団名劇団壱劇屋,https://kan-geki.com/streaming/play/20,"カテゴリードラマ,ダンス・舞踏・パフォーマンス,"
福喜多さんちの三兄弟,劇団名劇団925,https://kan-geki.com/streaming/play/21,"カテゴリードラマ,コメディ,"
福喜多さんちの三兄弟2,劇団名劇団925,https://kan-geki.com/streaming/play/22,"カテゴリードラマ,コメディ,"
福喜多さんちの三兄弟3,劇団名劇団925,https://kan-geki.com/streaming/play/23,"カテゴリードラマ,コメディ,"
不思議の國の二人のアリス,劇団名激団しろっとそん,https://kan-geki.com/streaming/play/24,"カテゴリーファンタジー,ミュージカル,"
空飛ぶ本屋さん～クリスマスパーティー編,劇団名激団しろっとそん,https://kan-geki.com/streaming/play/25,"カテゴリーファンタジー,"
地球のみなさん、悪く思わないでください,劇団名スイス銀行,https://kan-geki.com/streaming/play/26,"カテゴリードラマ,コメディ,"
107／ワン・オー・セブン,劇団名スイス銀行,https://kan-geki.com/streaming/play/27,"カテゴリードラマ,コメディ,"
探偵アリス,劇団名パノラマ党,https://kan-geki.com/streaming/play/28,"カテゴリーファンタジー,ミステリー・サスペンス,"
怪人坂の少女と、少女館の怪人,劇団名パノラマ党,https://kan-geki.com/streaming/play/29,"カテゴリーファンタジー,ミステリー・サスペンス,"
天使×マキナ,劇団名パノラマ党,https://kan-geki.com/streaming/play/30,"カテゴリーファンタジー,"
マクベス～破滅編 前編,劇団名カメハウス,https://kan-geki.com/streaming/play/31,"カテゴリードラマ,ダンス・舞踏・パフォーマンス,"
マクベス～破滅編 後編,劇団名カメハウス,https://kan-geki.com/streaming/play/32,"カテゴリードラマ,ダンス・舞踏・パフォーマンス,"
不思議の国のアリス,劇団名カメっとそん,https://kan-geki.com/streaming/play/33,"カテゴリーファンタジー,ダンス・舞踏・パフォーマンス,"
マクベス～革命編 前編,劇団名カメハウス,https://kan-geki.com/streaming/play/34,"カテゴリードラマ,ダンス・舞踏・パフォーマンス,"
マクベス～革命編 後編,劇団名カメハウス,https://kan-geki.com/streaming/play/35,"カテゴリードラマ,ダンス・舞踏・パフォーマンス,"
ブラックスペース,劇団名劇団壱劇屋,https://kan-geki.com/streaming/play/36,"カテゴリーSF,ドラマ,ダンス・舞踏・パフォーマンス,"
新しい生活の提案,劇団名劇団壱劇屋,https://kan-geki.com/streaming/play/37,"カテゴリーSF,ドラマ,ダンス・舞踏・パフォーマンス,"
砂ニ咲ク花,劇団名ステージタイガー,https://kan-geki.com/streaming/play/38,"カテゴリードラマ,"
協走組曲 序章,劇団名ステージタイガー,https://kan-geki.com/streaming/play/39,"カテゴリードラマ,"
おっぱい博士,劇団名スイス銀行,https://kan-geki.com/streaming/play/40,"カテゴリードラマ,コメディ,"
男子(2月4日公演),劇団名baghdadcafe’,https://kan-geki.com/streaming/play/41,"カテゴリーファンタジー,"
男子(2月5日公演),劇団名baghdadcafe’,https://kan-geki.com/streaming/play/42,"カテゴリーファンタジー,"
温和な発電所,劇団名LOWPOWERS,https://kan-geki.com/streaming/play/44,"カテゴリーコメディ,"
生活と嘘,劇団名LOWPOWERS,https://kan-geki.com/streaming/play/45,"カテゴリーコメディ,"
10人写楽～2010ver,劇団名劇創ト社deネクタルグン,https://kan-geki.com/streaming/play/46,"カテゴリードラマ,時代劇（歴史劇）,"
阿国神舞,劇団名劇創ト社deネクタルグン,https://kan-geki.com/streaming/play/47,"カテゴリーファンタジー,ドラマ,時代劇（歴史劇）,"
ぼく（25歳）のなつやすみ,劇団名斬撃☆ニトロ,https://kan-geki.com/streaming/play/48,"カテゴリーSF,ドラマ,"
カンヤム・カンニャムと彼女の左手,劇団名fabricantfin,https://kan-geki.com/streaming/play/49,"カテゴリードラマ,"
GIFT,劇団名ProjectUZU,https://kan-geki.com/streaming/play/50,"カテゴリーファンタジー,"
PANDORA -O.p.1 風の章-,劇団名ProjectUZU,https://kan-geki.com/streaming/play/51,"カテゴリーファンタジー,"
Continue,劇団名ProjectUZU,https://kan-geki.com/streaming/play/52,"カテゴリーファンタジー,"
10人写楽,劇団名劇創ト社,https://kan-geki.com/streaming/play/53,"カテゴリードラマ,時代劇（歴史劇）,"
10勇士伝,劇団名劇創ト社,https://kan-geki.com/streaming/play/54,"カテゴリードラマ,時代劇（歴史劇）,"
琉球白書,劇団名劇創ト社,https://kan-geki.com/streaming/play/55,"カテゴリードラマ,時代劇（歴史劇）,"
SAIKA！,劇団名劇創ト社,https://kan-geki.com/streaming/play/56,"カテゴリードラマ,時代劇（歴史劇）,"
travel!travel!,劇団名劇創ト社,https://kan-geki.com/streaming/play/57,"カテゴリーSF,ドラマ,"
END!,劇団名劇創ト社,https://kan-geki.com/streaming/play/58,カテゴリー
FAKE！,劇団名劇創ト社,https://kan-geki.com/streaming/play/59,カテゴリー
YELL!!,劇団名劇創ト社,https://kan-geki.com/streaming/play/60,"カテゴリードラマ,"
YELL!～2006ver,劇団名劇創ト社,https://kan-geki.com/streaming/play/61,"カテゴリードラマ,"
南総恋歌,劇団名劇創ト社,https://kan-geki.com/streaming/play/62,"カテゴリードラマ,時代劇（歴史劇）,"
DOGMANBLUES,劇団名劇創ト社,https://kan-geki.com/streaming/play/63,"カテゴリードラマ,時代劇（歴史劇）,"
Triple! Tripple!!,劇団名劇創ト社,https://kan-geki.com/streaming/play/64,"カテゴリーSF,ドラマ,"
ラジオスターの悲劇,劇団名劇創ト社,https://kan-geki.com/streaming/play/65,カテゴリー
ラジオスターの悲劇2ndsession,劇団名劇創ト社,https://kan-geki.com/streaming/play/66,"カテゴリーコメディ,時代劇（歴史劇）,恋愛,"
ラジオスターの悲劇3rdsession,劇団名劇創ト社,https://kan-geki.com/streaming/play/67,"カテゴリードラマ,コメディ,時代劇（歴史劇）,"
劇創ト社短篇集,劇団名劇創ト社,https://kan-geki.com/streaming/play/68,"カテゴリードラマ,"
ラーメン,劇団名芝居処味一番,https://kan-geki.com/streaming/play/69,"カテゴリードラマ,ミステリー・サスペンス,"
弁当～駅弁・空弁～,劇団名芝居処味一番,https://kan-geki.com/streaming/play/70,カテゴリー
弁当～幕の内～,劇団名芝居処味一番,https://kan-geki.com/streaming/play/71,"カテゴリードラマ,コメディ,"
からあげ,劇団名芝居処味一番,https://kan-geki.com/streaming/play/72,"カテゴリードラマ,恋愛,"
ほたるが丘夏祭り,劇団名kusukusu’srabo,https://kan-geki.com/streaming/play/73,"カテゴリーキッズ・ファミリー,ダンス・舞踏・パフォーマンス,"
この荒野の物語,劇団名シアターシンクタンク万化,https://kan-geki.com/streaming/play/74,"カテゴリーファンタジー,"
STAND UP ALONE 放課後会編,劇団名しかプロ（四方香菜Produce改め）,https://kan-geki.com/streaming/play/75,"カテゴリードラマ,一人芝居,"
STAND UP ALONE 案内者編,劇団名しかプロ（四方香菜Produce改め）,https://kan-geki.com/streaming/play/76,"カテゴリードラマ,一人芝居,"
STAND UP ALONE 夢日記編,劇団名しかプロ（四方香菜Produce改め）,https://kan-geki.com/streaming/play/77,"カテゴリードラマ,一人芝居,"
STAND UP ALONE 三姉妹編,劇団名しかプロ（四方香菜Produce改め）,https://kan-geki.com/streaming/play/78,"カテゴリードラマ,一人芝居,"
オーロラパラダイス,劇団名ミジンコターボ,https://kan-geki.com/streaming/play/79,"カテゴリーファンタジー,"
スーパーソニックジェット赤子　大往生,劇団名ミジンコターボ,https://kan-geki.com/streaming/play/80,"カテゴリーコメディ,"
ダメダメ・サーカス2010Ver,劇団名ミジンコターボ,https://kan-geki.com/streaming/play/81,"カテゴリーファンタジー,ドラマ,"
カレル・チャペックの砦,劇団名ミジンコターボ,https://kan-geki.com/streaming/play/82,"カテゴリーSF,ファンタジー,恋愛,"
儂が燃えて死ぬまでの噺 大炎上,劇団名ミジンコターボ,https://kan-geki.com/streaming/play/83,"カテゴリー時代劇（歴史劇）,"
はじめてのメリークリスマス,劇団名atelierTHANK-Xs,https://kan-geki.com/streaming/play/84,"カテゴリーファンタジー,"
ルールマン,劇団名atelierTHANK-Xs,https://kan-geki.com/streaming/play/85,"カテゴリードラマ,"
ハグレモノミライ,劇団名atelierTHANK-Xs,https://kan-geki.com/streaming/play/86,"カテゴリードラマ,"
ようこそミスターチェリーブロッサム,劇団名atelierTHANK-Xs,https://kan-geki.com/streaming/play/87,"カテゴリードラマ,"
東京ユートリア,劇団名劇団東京ペンギン,https://kan-geki.com/streaming/play/88,"カテゴリーコメディ,"
阪急VSプレデター,劇団名劇団東京ペンギン,https://kan-geki.com/streaming/play/89,"カテゴリーコメディ,"
天王寺:10王子,劇団名劇団東京ペンギン,https://kan-geki.com/streaming/play/90,"カテゴリーコメディ,"
コマコレ‘08,劇団名小松利昌一人芝居,https://kan-geki.com/streaming/play/91,"カテゴリーコメディ,"
コマツマツリ2006,劇団名小松利昌一人芝居,https://kan-geki.com/streaming/play/92,"カテゴリーコメディ,"
職人気質,劇団名小松利昌一人芝居,https://kan-geki.com/streaming/play/93,"カテゴリーコメディ,"
金色剣恋記,劇団名劇団天悟,https://kan-geki.com/streaming/play/94,"カテゴリー時代劇（歴史劇）,"
川面の果て うたかたの花,劇団名劇団天悟,https://kan-geki.com/streaming/play/95,"カテゴリー時代劇（歴史劇）,"
三つの輪舞,劇団名劇団天悟,https://kan-geki.com/streaming/play/96,"カテゴリー時代劇（歴史劇）,"
雨はれて 月おぼろ,劇団名劇団天悟,https://kan-geki.com/streaming/play/97,"カテゴリー時代劇（歴史劇）,"
朝霧のうた　きくはきえにし,劇団名劇団天悟,https://kan-geki.com/streaming/play/98,"カテゴリーファンタジー,時代劇（歴史劇）,"
梨の礫の梨,劇団名サキトサンズ,https://kan-geki.com/streaming/play/99,"カテゴリードラマ,"
うしおととら 第一章「うしお とらと出会うの縁」・第二章「石喰い」,劇団名シアターOM,https://kan-geki.com/streaming/play/100,"カテゴリーファンタジー,マンガ・アニメ,"
酒顛童子～胎動～,劇団名シアターOM,https://kan-geki.com/streaming/play/101,"カテゴリーファンタジー,"
凛然グッド・バイ（冬眠）,劇団名劇団Uglyduckling,https://kan-geki.com/streaming/play/102,"カテゴリードラマ,"
凛然グッド・バイ（春眠）,劇団名劇団Uglyduckling,https://kan-geki.com/streaming/play/103,"カテゴリードラマ,"
三日月エレファント,劇団名劇団Uglyduckling,https://kan-geki.com/streaming/play/104,"カテゴリーファンタジー,"
照準ZEROin,劇団名劇団Uglyduckling,https://kan-geki.com/streaming/play/105,"カテゴリードラマ,"
改訂版さっちゃん,劇団名劇団Uglyduckling,https://kan-geki.com/streaming/play/106,"カテゴリードラマ,恋愛,"
スパイクレコード,劇団名劇団Uglyduckling,https://kan-geki.com/streaming/play/107,"カテゴリードラマ,"
さポろペ,劇団名劇団Uglyduckling,https://kan-geki.com/streaming/play/108,"カテゴリーミステリー・サスペンス,"
眠りの切り札,劇団名劇団Uglyduckling,https://kan-geki.com/streaming/play/109,"カテゴリーミステリー・サスペンス,"
くちなしジョッキィ（2009ver）,劇団名劇団Uglyduckling,https://kan-geki.com/streaming/play/110,"カテゴリーミステリー・サスペンス,"
くちなしジョッキィ,劇団名劇団Uglyduckling,https://kan-geki.com/streaming/play/111,"カテゴリーミステリー・サスペンス,"
-273,劇団名劇団Uglyduckling,https://kan-geki.com/streaming/play/112,"カテゴリードラマ,"
100年トランク,劇団名劇団Uglyduckling,https://kan-geki.com/streaming/play/113,"カテゴリーファンタジー,ドラマ,"
アドウェントゥーラ,劇団名劇団Uglyduckling,https://kan-geki.com/streaming/play/114,"カテゴリーファンタジー,"
フルオーケストラ,劇団名劇団Uglyduckling,https://kan-geki.com/streaming/play/115,"カテゴリーファンタジー,ドラマ,"
箱師よ、その街の暁に釘を打て,劇団名劇団Uglyduckling,https://kan-geki.com/streaming/play/116,"カテゴリードラマ,"
トキシラズ黎明篇,劇団名劇団Uglyduckling,https://kan-geki.com/streaming/play/117,"カテゴリードラマ,"
トキシラズ望郷篇,劇団名劇団Uglyduckling,https://kan-geki.com/streaming/play/118,"カテゴリードラマ,"
誰もが手にしたるもの～エンドロール04～：Bロール,劇団名劇団Uglyduckling,https://kan-geki.com/streaming/play/119,"カテゴリードラマ,"
誰もが手にしたるもの～エンドロール04～：Aロール,劇団名劇団Uglyduckling,https://kan-geki.com/streaming/play/120,"カテゴリードラマ,"
世の中の率,劇団名月曜劇団,https://kan-geki.com/streaming/play/121,"カテゴリーコメディ,"
どうでもいい結社,劇団名月曜劇団,https://kan-geki.com/streaming/play/122,"カテゴリーコメディ,"
ほとんど人参,劇団名超人予備校,https://kan-geki.com/streaming/play/123,"カテゴリーコメディ,"
オズの魔法使い,劇団名伊藤えん魔プロデュース,https://kan-geki.com/streaming/play/125,"カテゴリーファンタジー,"
Kanoatic Blue,劇団名捻暮れロジック,https://kan-geki.com/streaming/play/126,"カテゴリーファンタジー,ドラマ,恋愛,"
カデンツァ,劇団名満月動物園,https://kan-geki.com/streaming/play/127,"カテゴリードラマ,"
スカイ/フォーカス,劇団名満月動物園,https://kan-geki.com/streaming/play/128,"カテゴリーファンタジー,ドラマ,"
ネムリノカケラ,劇団名満月動物園,https://kan-geki.com/streaming/play/129,"カテゴリードラマ,"
蝕卓賛歌,劇団名満月動物園,https://kan-geki.com/streaming/play/130,"カテゴリードラマ,"
"Sherry,Go home-フランケンシュタインと赤い靴-",劇団名浮遊許可証,https://kan-geki.com/streaming/play/132,"カテゴリーSF,恋愛,"
進化戯曲,劇団名私見感,https://kan-geki.com/streaming/play/134,"カテゴリードラマ,"
まいる,劇団名STANDFLOWER,https://kan-geki.com/streaming/play/135,"カテゴリードラマ,"
渇いて候,劇団名シアターOM,https://kan-geki.com/streaming/play/136,"カテゴリー時代劇（歴史劇）,"
ツキカゲノモリ,劇団名満月動物園,https://kan-geki.com/streaming/play/137,"カテゴリーファンタジー,"
部屋、あり〼,劇団名fabricantfin,https://kan-geki.com/streaming/play/138,"カテゴリードラマ,"
Jerk!!嘘の限界（演劇編）,劇団名匿名劇壇,https://kan-geki.com/streaming/play/139,"カテゴリードラマ,"
Jerk!!希望の殴打（バイト編）,劇団名匿名劇壇,https://kan-geki.com/streaming/play/140,"カテゴリードラマ,"
Jerk!!自白剤を飲み過ぎて（恋愛編）,劇団名匿名劇壇,https://kan-geki.com/streaming/play/141,"カテゴリードラマ,"
＆1night,劇団名お座敷コブラ,https://kan-geki.com/streaming/play/153,"カテゴリーファンタジー,"
２８～Twenty Eight,劇団名お座敷コブラ,https://kan-geki.com/streaming/play/154,"カテゴリーファンタジー,"
A!MAZE,劇団名お座敷コブラ,https://kan-geki.com/streaming/play/155,"カテゴリーファンタジー,"
ハコモノ,劇団名お座敷コブラ,https://kan-geki.com/streaming/play/156,"カテゴリーファンタジー,"
プラマドンナ,劇団名お座敷コブラ,https://kan-geki.com/streaming/play/157,"カテゴリーファンタジー,"
伍～five～,劇団名お座敷コブラ,https://kan-geki.com/streaming/play/158,"カテゴリーファンタジー,"
偽善者,劇団名シアターOM,https://kan-geki.com/streaming/play/159,"カテゴリードラマ,"
シニガミと蝋燭,劇団名ミジンコターボ,https://kan-geki.com/streaming/play/162,"カテゴリーファンタジー,ドラマ,ダンス・舞踏・パフォーマンス,"
fallibility,劇団名baghdadcafe’,https://kan-geki.com/streaming/play/163,"カテゴリーダンス・舞踏・パフォーマンス,"
モノロ・テクノ,劇団名baghdadcafe’,https://kan-geki.com/streaming/play/164,"カテゴリーダンス・舞踏・パフォーマンス,"
talk about her life (15:00公演),劇団名baghdadcafe’,https://kan-geki.com/streaming/play/165,"カテゴリーダンス・舞踏・パフォーマンス,"
talk about her life (19:00公演),劇団名baghdadcafe’,https://kan-geki.com/streaming/play/166,"カテゴリーダンス・舞踏・パフォーマンス,"
生活のリズム,劇団名baghdadcafe’,https://kan-geki.com/streaming/play/167,"カテゴリーダンス・舞踏・パフォーマンス,"
オゾケ・ストロベリィ・ドォルズ,劇団名劇的☆ジャンク堂,https://kan-geki.com/streaming/play/168,"カテゴリーファンタジー,ドラマ,"
イーッ!!,劇団名劇的☆ジャンク堂,https://kan-geki.com/streaming/play/169,"カテゴリーファンタジー,ドラマ,"
ショートスケッチ　生活と嘘,劇団名U.M.IFilmMakers,https://kan-geki.com/streaming/play/170,"カテゴリーコメディ,不条理・アングラ,"
スプーン・マーメイド,劇団名満月動物園,https://kan-geki.com/streaming/play/172,"カテゴリードラマ,"
プラズマ,劇団名無名劇団,https://kan-geki.com/streaming/play/174,"カテゴリードラマ,恋愛,"
逃げる五右衛門,劇団名斬撃☆ニトロ,https://kan-geki.com/streaming/play/175,"カテゴリーファンタジー,アクション,恋愛,"
くまと羊,劇団名U.M.IFilmMakers,https://kan-geki.com/streaming/play/176,"カテゴリードラマ,コメディ,"
よぶ,劇団名STANDFLOWER,https://kan-geki.com/streaming/play/177,"カテゴリードラマ,"
サイボーグ侍,劇団名伊藤えん魔プロデュース,https://kan-geki.com/streaming/play/180,"カテゴリーSF,ドラマ,時代劇（歴史劇）,"
サイボーグ侍,劇団名ファントマ,https://kan-geki.com/streaming/play/181,"カテゴリーSF,ドラマ,時代劇（歴史劇）,"
ローザ,劇団名時間堂,https://kan-geki.com/streaming/play/182,"カテゴリードラマ,"
光速可変の定理,劇団名劇想からまわりえっちゃん,https://kan-geki.com/streaming/play/183,"カテゴリードラマ,ダンス・舞踏・パフォーマンス,"
森の別の場所,劇団名時間堂,https://kan-geki.com/streaming/play/184,"カテゴリードラマ,"
マスケラ,劇団名ブラック★タイツ,https://kan-geki.com/streaming/play/185,"カテゴリーファンタジー,恋愛,ミュージカル,"
今宵、宇宙エレベーターの厨房で,劇団名隕石少年トースター,https://kan-geki.com/streaming/play/186,"カテゴリーSF,"
コーヒー牛乳の止まらない休日,劇団名隕石少年トースター,https://kan-geki.com/streaming/play/187,"カテゴリードラマ,コメディ,"
パペット・オン・ザ・パニック 完全版,劇団名隕石少年トースター,https://kan-geki.com/streaming/play/188,"カテゴリードラマ,コメディ,"
しき,劇団名fabricantfin,https://kan-geki.com/streaming/play/189,"カテゴリードラマ,"
桜×心中,劇団名ブラック★タイツ,https://kan-geki.com/streaming/play/190,"カテゴリーファンタジー,ミュージカル,"
Reverse Play Ground,劇団名お座敷コブラ,https://kan-geki.com/streaming/play/191,"カテゴリーアクション,ドラマ,恋愛,"
心霊探偵 武智小次朗シリーズ第壱話 「ヤワタノヤブシラズ、コノヤブハイルベカラズ」,劇団名大扇風,https://kan-geki.com/streaming/play/192,"カテゴリーミステリー・サスペンス,"
1・2・3ショットマンレイ 3秒間の覚悟編,劇団名劇想からまわりえっちゃん,https://kan-geki.com/streaming/play/193,"カテゴリーアクション,時代劇（歴史劇）,ダンス・舞踏・パフォーマンス,"
1・2・3ショットマンレイ 変わる真編,劇団名劇想からまわりえっちゃん,https://kan-geki.com/streaming/play/194,"カテゴリーアクション,ドラマ,ダンス・舞踏・パフォーマンス,"
赤い夕陽のでんでけ伝,劇団名劇想からまわりえっちゃん,https://kan-geki.com/streaming/play/195,"カテゴリードラマ,ダンス・舞踏・パフォーマンス,"
犬殺しターくんと非実在チーちゃん,劇団名オレンヂスタ,https://kan-geki.com/streaming/play/196,"カテゴリーアクション,ダンス・舞踏・パフォーマンス,"
僕らをみて,劇団名劇想からまわりえっちゃん,https://kan-geki.com/streaming/play/197,"カテゴリードラマ,"
ROMANCEPOOL,劇団名FUKAIPRODUCE羽衣,https://kan-geki.com/streaming/play/199,"カテゴリー恋愛,ミュージカル,アート,"
あのひとたちのリサイタル,劇団名FUKAIPRODUCE羽衣,https://kan-geki.com/streaming/play/200,"カテゴリー恋愛,ミュージカル,アート,"
朝霞と夕霞と夜のおやすみ,劇団名FUKAIPRODUCE羽衣,https://kan-geki.com/streaming/play/201,"カテゴリー恋愛,ミュージカル,アート,"
宿題と遠吠え,劇団名FUKAIPRODUCE羽衣,https://kan-geki.com/streaming/play/202,"カテゴリーミュージカル,アート,不条理・アングラ,"
冥土ダイバー,劇団名牛乳地獄,https://kan-geki.com/streaming/play/203,"カテゴリーSF,ドラマ,恋愛,"
ごんべい～大阪の陣～,劇団名ゲキバカ,https://kan-geki.com/streaming/play/204,"カテゴリーアクション,時代劇（歴史劇）,恋愛,"
突撃！八百八町！！～人斬りピエロ軍団vsタケミツナリタ～,劇団名劇団壱劇屋,https://kan-geki.com/streaming/play/205,"カテゴリーアクション,ミステリー・サスペンス,時代劇（歴史劇）,"
６人の悩める観客,劇団名劇団壱劇屋,https://kan-geki.com/streaming/play/206,"カテゴリーミステリー・サスペンス,コメディ,ダンス・舞踏・パフォーマンス,"
行進曲「食卓」,劇団名こまち日和,https://kan-geki.com/streaming/play/208,"カテゴリードラマ,"
ＳＦ,劇団名月曜劇団,https://kan-geki.com/streaming/play/209,"カテゴリードラマ,コメディ,"
すぺどら,劇団名超人予備校,https://kan-geki.com/streaming/play/210,"カテゴリーファンタジー,コメディ,ダンス・舞踏・パフォーマンス,"
すごくいいバカンス,劇団名万能グローブガラパゴスダイナモス,https://kan-geki.com/streaming/play/211,"カテゴリードラマ,コメディ,"
リーンカーネーション・ティーパーティー,劇団名浮遊許可証,https://kan-geki.com/streaming/play/212,"カテゴリーファンタジー,ドラマ,恋愛,"
並行戯曲,劇団名私見感,https://kan-geki.com/streaming/play/213,"カテゴリーアート,その他,"
心霊探偵 武智小次朗シリーズ第弐話「稲荷の杜の異形の遣い」,劇団名大扇風,https://kan-geki.com/streaming/play/214,"カテゴリーミステリー・サスペンス,"
夕顔のはなしろきゆふぐれ,劇団名維新派,https://kan-geki.com/streaming/play/218,"カテゴリーアート,ダンス・舞踏・パフォーマンス,不条理・アングラ,"
MAREBITO,劇団名維新派,https://kan-geki.com/streaming/play/219,"カテゴリーアート,ダンス・舞踏・パフォーマンス,不条理・アングラ,"
超能力やくざ,劇団名伊藤えん魔プロデュース,https://kan-geki.com/streaming/play/220,"カテゴリーSF,アクション,コメディ,"
「この指とまれ」を聞きながら,劇団名劇団銀河,https://kan-geki.com/streaming/play/221,"カテゴリードラマ,恋愛,"
いつも隣で,劇団名劇団銀河,https://kan-geki.com/streaming/play/223,"カテゴリードラマ,"
やわらかいヒビ,劇団名カムヰヤッセン,https://kan-geki.com/streaming/play/224,"カテゴリーSF,ドラマ,"
バックギャモン・プレイヤード,劇団名カムヰヤッセン,https://kan-geki.com/streaming/play/225,"カテゴリーファンタジー,ドラマ,"
新説・とりかへばや物語,劇団名カムヰヤッセン,https://kan-geki.com/streaming/play/226,"カテゴリードラマ,時代劇（歴史劇）,"
HI↗GH SCHOOL　関ヶ原,劇団名劇団みゅーじかる321♪,https://kan-geki.com/streaming/play/227,"カテゴリーコメディ,ミュージカル,"
ポジティブな悪魔たち,劇団名ＳＫＹ　ＳＯＡＲＴψＷＩＮＧＳ,https://kan-geki.com/streaming/play/228,"カテゴリーコメディ,恋愛,"
ドン・カルロス,劇団名ＳＫＹ　ＳＯＡＲＴψＷＩＮＧＳ,https://kan-geki.com/streaming/play/229,"カテゴリー時代劇（歴史劇）,恋愛,"
ＬＬＬ～恋の骨折り損～,劇団名ＳＫＹ　ＳＯＡＲＴψＷＩＮＧＳ,https://kan-geki.com/streaming/play/230,"カテゴリーコメディ,恋愛,"
BIER,劇団名モンゴルズシアターカンパニー,https://kan-geki.com/streaming/play/231,"カテゴリーファンタジー,ドラマ,"
BEST of G×V×B,劇団名劇団ヴィジュアル系バンド,https://kan-geki.com/streaming/play/232,"カテゴリーファンタジー,コメディ,ダンス・舞踏・パフォーマンス,"
合言葉は、れっつ！らびらび！,劇団名kusukusu’srabo,https://kan-geki.com/streaming/play/233,"カテゴリーファンタジー,キッズ・ファミリー,ダンス・舞踏・パフォーマンス,"
めるてぃ・すのう,劇団名星屑企画,https://kan-geki.com/streaming/play/234,"カテゴリーファンタジー,ダンス・舞踏・パフォーマンス,"
金色夜叉オルタナティブ,劇団名劇団レトルト内閣,https://kan-geki.com/streaming/play/235,"カテゴリー時代劇（歴史劇）,恋愛,ダンス・舞踏・パフォーマンス,"
猿とドレス,劇団名劇団レトルト内閣,https://kan-geki.com/streaming/play/236,"カテゴリーミステリー・サスペンス,ダンス・舞踏・パフォーマンス,"
さらばアイドル、君の放つ光線ゆえに,劇団名劇団レトルト内閣,https://kan-geki.com/streaming/play/237,"カテゴリーホラー・スリラー,ダンス・舞踏・パフォーマンス,"
プロペラとスカーフ,劇団名アトリエ・センターフォワード,https://kan-geki.com/streaming/play/238,"カテゴリードラマ,時代劇（歴史劇）,"
桜×心中 -再炎-,劇団名ブラック★タイツ,https://kan-geki.com/streaming/play/239,"カテゴリーファンタジー,恋愛,ミュージカル,"
二時間に及ぶ交渉の末,劇団名匿名劇壇,https://kan-geki.com/streaming/play/240,"カテゴリーコメディ,その他,"
yellow sunrise～それでもボクはココにいる～,劇団名星屑企画,https://kan-geki.com/streaming/play/241,"カテゴリードラマ,ダンス・舞踏・パフォーマンス,"
TOKYOてやんでぃ,劇団名うわの空・藤志郎一座,https://kan-geki.com/streaming/play/242,"カテゴリードラマ,コメディ,"
泥女,劇団名黄金山アタック,https://kan-geki.com/streaming/play/243,"カテゴリーファンタジー,不条理・アングラ,"
鼠,劇団名モンゴルズシアターカンパニー,https://kan-geki.com/streaming/play/244,"カテゴリーホラー・スリラー,"
ただいま,劇団名うわの空・藤志郎一座,https://kan-geki.com/streaming/play/245,"カテゴリードラマ,"
どこでもない場所,劇団名うわの空・藤志郎一座,https://kan-geki.com/streaming/play/246,"カテゴリードラマ,"
12人はご機嫌ななめ,劇団名うわの空・藤志郎一座,https://kan-geki.com/streaming/play/247,"カテゴリードラマ,コメディ,"
さらば愛しきHAPPYEND．,劇団名東京サムライガンズ,https://kan-geki.com/streaming/play/248,"カテゴリーコメディ,"
嗚呼素晴らしきサラリィ人生,劇団名東京サムライガンズ,https://kan-geki.com/streaming/play/249,"カテゴリーコメディ,"
MATCH,劇団名ステージタイガー,https://kan-geki.com/streaming/play/251,"カテゴリー時代劇（歴史劇）,"
超☆恋愛小説～ラブソングはいりませんか？～,劇団名ステージタイガー,https://kan-geki.com/streaming/play/253,"カテゴリーファンタジー,"
ヒラカタ・ノート,劇団名ニットキャップシアター,https://kan-geki.com/streaming/play/254,"カテゴリードラマ,ダンス・舞踏・パフォーマンス,"
ピラカタ・ノート,劇団名ニットキャップシアター,https://kan-geki.com/streaming/play/255,"カテゴリードラマ,ダンス・舞踏・パフォーマンス,"
男亡者の泣きぬるところ,劇団名ニットキャップシアター,https://kan-geki.com/streaming/play/256,"カテゴリードラマ,ダンス・舞踏・パフォーマンス,"
踊るワン-パラグラフ,劇団名ニットキャップシアター,https://kan-geki.com/streaming/play/257,"カテゴリーミステリー・サスペンス,コメディ,ダンス・舞踏・パフォーマンス,"
リターン☆プラネット on stage,劇団名baghdadcafe’,https://kan-geki.com/streaming/play/258,"カテゴリーコメディ,"
ガベコレ　-garbage collection,劇団名極東退屈道場,https://kan-geki.com/streaming/play/259,"カテゴリーアート,ダンス・舞踏・パフォーマンス,不条理・アングラ,"
タイムズ,劇団名極東退屈道場,https://kan-geki.com/streaming/play/260,"カテゴリーダンス・舞踏・パフォーマンス,不条理・アングラ,"
ボディ＆ビルディング,劇団名ステージタイガー,https://kan-geki.com/streaming/play/261,"カテゴリードラマ,コメディ,"
コロニー,劇団名伊藤えん魔プロデュース,https://kan-geki.com/streaming/play/262,"カテゴリーファンタジー,アクション,"
デッサン,劇団名SPIRALMOON,https://kan-geki.com/streaming/play/263,"カテゴリードラマ,"
未開の議場,劇団名カムヰヤッセン,https://kan-geki.com/streaming/play/264,"カテゴリードラマ,"
BUMP!,劇団名ステージタイガー,https://kan-geki.com/streaming/play/265,"カテゴリードラマ,コメディ,"
傷は浅いぞ,劇団名柿喰う客,https://kan-geki.com/streaming/play/266,"カテゴリードラマ,ダンス・舞踏・パフォーマンス,"
無差別,劇団名柿喰う客,https://kan-geki.com/streaming/play/267,"カテゴリードラマ,ダンス・舞踏・パフォーマンス,"
へんてこレストラン,劇団名柿喰う客,https://kan-geki.com/streaming/play/268,"カテゴリーファンタジー,ダンス・舞踏・パフォーマンス,"
ながぐつをはいたねこ,劇団名柿喰う客,https://kan-geki.com/streaming/play/269,"カテゴリーファンタジー,ダンス・舞踏・パフォーマンス,"
ART～愛とロマンと哲学と～,劇団名東京サムライガンズ,https://kan-geki.com/streaming/play/270,"カテゴリーコメディ,"
家族ノオト,劇団名オレンヂスタ,https://kan-geki.com/streaming/play/271,"カテゴリードラマ,その他,"
変身,劇団名柿喰う客,https://kan-geki.com/streaming/play/272,"カテゴリードラマ,ダンス・舞踏・パフォーマンス,不条理・アングラ,"
RUN,劇団名お座敷コブラ,https://kan-geki.com/streaming/play/273,"カテゴリードラマ,ミステリー・サスペンス,ダンス・舞踏・パフォーマンス,"
佐川、あれはイキ過ぎた男,劇団名短距離男道ミサイル,https://kan-geki.com/streaming/play/274,"カテゴリーファンタジー,コメディ,ダンス・舞踏・パフォーマンス,"
おれの二の腕はどうだ,劇団名コトリ会議,https://kan-geki.com/streaming/play/275,"カテゴリードラマ,"
おぼろ,劇団名STAR☆JACKS,https://kan-geki.com/streaming/play/276,"カテゴリーSF,アクション,時代劇（歴史劇）,"
衝突と分裂、あるいは融合,劇団名時間堂,https://kan-geki.com/streaming/play/277,"カテゴリードラマ,"
桜舞う夜、君想ふ,劇団名STAR☆JACKS,https://kan-geki.com/streaming/play/278,"カテゴリーアクション,時代劇（歴史劇）,恋愛,"
いろゆらぎ,劇団名劇団犯罪友の会,https://kan-geki.com/streaming/play/279,"カテゴリー時代劇（歴史劇）,恋愛,"
横丁のダーリン,劇団名劇団犯罪友の会,https://kan-geki.com/streaming/play/280,"カテゴリードラマ,恋愛,"
For　スマイル,劇団名ななめ４５°,https://kan-geki.com/streaming/play/281,"カテゴリーファンタジー,ダンス・舞踏・パフォーマンス,"
鍋,劇団名芝居処味一番,https://kan-geki.com/streaming/play/282,"カテゴリードラマ,"
UNKNOWN HOSPITAL,劇団名劇団壱劇屋,https://kan-geki.com/streaming/play/283,"カテゴリーミステリー・サスペンス,ダンス・舞踏・パフォーマンス,"
ナイスコントロール,劇団名万能グローブガラパゴスダイナモス,https://kan-geki.com/streaming/play/284,"カテゴリーコメディ,"
"Shut up, Play!!",劇団名オリジナルテンポ,https://kan-geki.com/streaming/play/285,"カテゴリーダンス・舞踏・パフォーマンス,"
所信表明、それはテロル。,劇団名オレンヂスタ,https://kan-geki.com/streaming/play/286,"カテゴリーホラー・スリラー,その他,"
おざなりのリカージョン,劇団名劇団なのぐらむ,https://kan-geki.com/streaming/play/287,"カテゴリーミステリー・サスペンス,"
ナイゲン(2013年版),劇団名アガリスクエンターテイメント,https://kan-geki.com/streaming/play/288,"カテゴリーコメディ,"
時をかける稽古場,劇団名アガリスクエンターテイメント,https://kan-geki.com/streaming/play/289,"カテゴリーコメディ,"
紅白旗合戦,劇団名アガリスクエンターテイメント,https://kan-geki.com/streaming/play/290,"カテゴリーコメディ,"
あいまいな、サイ,劇団名ムシラセ,https://kan-geki.com/streaming/play/291,"カテゴリードラマ,"
グンナイ,劇団名万能グローブガラパゴスダイナモス,https://kan-geki.com/streaming/play/292,"カテゴリーコメディ,"
この中に裏切り者がいますよ,劇団名万能グローブガラパゴスダイナモス,https://kan-geki.com/streaming/play/293,"カテゴリーコメディ,"
ひとんちで騒ぐな,劇団名万能グローブガラパゴスダイナモス,https://kan-geki.com/streaming/play/294,"カテゴリーコメディ,"
CAN魂,劇団名短距離男道ミサイル,https://kan-geki.com/streaming/play/295,"カテゴリーコメディ,"
どんつく性(サーガ),劇団名短距離男道ミサイル,https://kan-geki.com/streaming/play/296,"カテゴリーコメディ,"
裸のリア王,劇団名短距離男道ミサイル,https://kan-geki.com/streaming/play/297,"カテゴリーコメディ,"
はんかい電車（昼）,劇団名山尾企画,https://kan-geki.com/streaming/play/298,"カテゴリーコメディ,"
俺だけ人間,劇団名山尾企画,https://kan-geki.com/streaming/play/299,"カテゴリードラマ,"
リビング（つきつきつっき）,劇団名山尾企画,https://kan-geki.com/streaming/play/300,"カテゴリードラマ,"
リビング（ハッピーバーストゥモロー）,劇団名山尾企画,https://kan-geki.com/streaming/play/301,"カテゴリードラマ,"
はんかい電車（夜）,劇団名山尾企画,https://kan-geki.com/streaming/play/302,"カテゴリーコメディ,"
じんない～虎乱の陣～,劇団名STAR☆JACKS,https://kan-geki.com/streaming/play/303,"カテゴリー時代劇（歴史劇）,"
したたかな子猫たち,劇団名劇団時乃旅人,https://kan-geki.com/streaming/play/304,"カテゴリーミステリー・サスペンス,コメディ,"
墨と薔薇,劇団名劇団goto,https://kan-geki.com/streaming/play/305,"カテゴリー恋愛,ダンス・舞踏・パフォーマンス,"
IN HIS THIRTIES,劇団名かのうとおっさん,https://kan-geki.com/streaming/play/306,"カテゴリーコメディ,"
未開の議場（英語字幕）,劇団名カムヰヤッセン,https://kan-geki.com/streaming/play/307,"カテゴリードラマ,"
悪い癖,劇団名匿名劇壇,https://kan-geki.com/streaming/play/308,"カテゴリードラマ,"
ポリアモリー・ラブ・アンド・コメディ,劇団名匿名劇壇,https://kan-geki.com/streaming/play/309,"カテゴリードラマ,恋愛,"
MONKEY CHOP BRUCKNER!!,劇団名アマヤドリ,https://kan-geki.com/streaming/play/310,"カテゴリードラマ,ダンス・舞踏・パフォーマンス,"
ロクな死にかた,劇団名アマヤドリ,https://kan-geki.com/streaming/play/311,"カテゴリードラマ,ダンス・舞踏・パフォーマンス,"
うれしい悲鳴,劇団名アマヤドリ,https://kan-geki.com/streaming/play/312,"カテゴリードラマ,恋愛,ダンス・舞踏・パフォーマンス,"
太陽とサヨナラ,劇団名アマヤドリ,https://kan-geki.com/streaming/play/313,"カテゴリーSF,ドラマ,ダンス・舞踏・パフォーマンス,"
俺の兄貴はブラームス,劇団名東京イボンヌ,https://kan-geki.com/streaming/play/314,"カテゴリー時代劇（歴史劇）,ダンス・舞踏・パフォーマンス,"
酔いどれシューベルト,劇団名東京イボンヌ,https://kan-geki.com/streaming/play/315,"カテゴリーファンタジー,時代劇（歴史劇）,ダンス・舞踏・パフォーマンス,"
ショパンの馬鹿!!!～別れの夜～,劇団名東京イボンヌ,https://kan-geki.com/streaming/play/316,"カテゴリー時代劇（歴史劇）,ダンス・舞踏・パフォーマンス,"
ワンハンドレッドライフ,劇団名株式会社オフィスインベーダー,https://kan-geki.com/streaming/play/317,"カテゴリーファンタジー,ドラマ,"
ロッカールームに眠る僕の知らない戦争,劇団名株式会社オフィスインベーダー,https://kan-geki.com/streaming/play/318,"カテゴリードラマ,"
方舟,劇団名株式会社オフィスインベーダー,https://kan-geki.com/streaming/play/319,"カテゴリーファンタジー,ドラマ,"
ヘルプマン！,劇団名株式会社オフィスインベーダー,https://kan-geki.com/streaming/play/320,"カテゴリードラマ,マンガ・アニメ,"
明日、君を食べるよ,劇団名株式会社オフィスインベーダー,https://kan-geki.com/streaming/play/321,"カテゴリードラマ,"
パンクジェリーフィッシュフロー4AM,劇団名あなピグモ捕獲団,https://kan-geki.com/streaming/play/322,"カテゴリーアート,その他,"
エリマキトカゲ心中,劇団名超人予備校,https://kan-geki.com/streaming/play/323,"カテゴリーコメディ,キッズ・ファミリー,ダンス・舞踏・パフォーマンス,"
ヒストリーズ・ジャパン,劇団名株式会社オフィスインベーダー,https://kan-geki.com/streaming/play/324,"カテゴリー時代劇（歴史劇）,"
衝突と分裂、あるいは融合（福岡版）,劇団名時間堂,https://kan-geki.com/streaming/play/325,"カテゴリードラマ,"
無名稿あまがさ,劇団名無名劇団,https://kan-geki.com/streaming/play/335,"カテゴリー不条理・アングラ,"
ざわざわ、ぞわり,劇団名無名劇団,https://kan-geki.com/streaming/play/336,"カテゴリードラマ,ミステリー・サスペンス,"
ぴかぴか,劇団名妄烈キネマレコード,https://kan-geki.com/streaming/play/337,"カテゴリーSF,ドラマ,"
ワールド,劇団名山尾企画,https://kan-geki.com/streaming/play/338,"カテゴリーファンタジー,"
白黒つかない,劇団名オレンヂスタ,https://kan-geki.com/streaming/play/339,"カテゴリードラマ,アート,ダンス・舞踏・パフォーマンス,"
四谷美談,劇団名yhs,https://kan-geki.com/streaming/play/340,"カテゴリードラマ,ミステリー・サスペンス,恋愛,"
つづく、,劇団名yhs,https://kan-geki.com/streaming/play/341,"カテゴリードラマ,"
loveletter街の灯り,劇団名劇団時乃旅人,https://kan-geki.com/streaming/play/342,"カテゴリー恋愛,"
協走組曲 第三楽章 Aキャスト,劇団名ステージタイガー,https://kan-geki.com/streaming/play/343,"カテゴリードラマ,恋愛,"
協走組曲 第三楽章 Bキャスト,劇団名ステージタイガー,https://kan-geki.com/streaming/play/344,"カテゴリードラマ,恋愛,"
無差別,劇団名東洋企画,https://kan-geki.com/streaming/play/345,"カテゴリーファンタジー,ドラマ,"
ヒーローのテーマ,劇団名天体望遠鏡,https://kan-geki.com/streaming/play/346,"カテゴリードラマ,"
B612,劇団名THE黒帯,https://kan-geki.com/streaming/play/347,"カテゴリーSF,ドラマ,"
eleven,劇団名THE黒帯,https://kan-geki.com/streaming/play/348,"カテゴリードラマ,ミステリー・サスペンス,"
TRUCE,劇団名THE黒帯,https://kan-geki.com/streaming/play/349,"カテゴリードラマ,"
偽曲 藪の中,劇団名東洋企画,https://kan-geki.com/streaming/play/350,"カテゴリーミステリー・サスペンス,ダンス・舞踏・パフォーマンス,"
FESTIVAL/ONOBORI-トーホクをヌぐ-,劇団名短距離男道ミサイル,https://kan-geki.com/streaming/play/351,"カテゴリーコメディ,ダンス・舞踏・パフォーマンス,"
ピーポウ,劇団名演劇組織KIMYO,https://kan-geki.com/streaming/play/352,"カテゴリーファンタジー,アクション,恋愛,"
ライフ,劇団名演劇組織KIMYO,https://kan-geki.com/streaming/play/353,"カテゴリーファンタジー,コメディ,"
福喜多さんちの三兄弟4,劇団名劇団925,https://kan-geki.com/streaming/play/354,"カテゴリードラマ,コメディ,"
カタロゴス-「数」についての短編集-,劇団名劇団5454（ランドリー）,https://kan-geki.com/streaming/play/355,"カテゴリードラマ,アート,"
SPAMリマインダー,劇団名アトミック☆グース,https://kan-geki.com/streaming/play/356,カテゴリー
プレゼン男,劇団名宮川サキのキャラクター大図鑑,https://kan-geki.com/streaming/play/357,カテゴリー
ヌルイ女,劇団名宮川サキのキャラクター大図鑑,https://kan-geki.com/streaming/play/358,カテゴリー
ネズミ女,劇団名宮川サキのキャラクター大図鑑,https://kan-geki.com/streaming/play/359,カテゴリー
モダンtimes,劇団名宮川サキのキャラクター大図鑑,https://kan-geki.com/streaming/play/360,カテゴリー
C-BOY,劇団名宮川サキのキャラクター大図鑑,https://kan-geki.com/streaming/play/361,カテゴリー
山本山,劇団名宮川サキのキャラクター大図鑑,https://kan-geki.com/streaming/play/362,カテゴリー
おかん,劇団名宮川サキのキャラクター大図鑑,https://kan-geki.com/streaming/play/363,カテゴリー
円山,劇団名宮川サキのキャラクター大図鑑,https://kan-geki.com/streaming/play/364,カテゴリー
木曜ドラマPERHAPS警部パハップス(全10回),劇団名劇団ガバメンツ,https://kan-geki.com/streaming/play/365,"カテゴリーコメディ,"
劇団鹿殺し充電前公演『無休電車』,劇団名劇団鹿殺し,https://kan-geki.com/streaming/play/378,カテゴリー
サンプリングデイ,劇団名sunday,https://kan-geki.com/streaming/play/380,カテゴリー
男亡者の泣きぬるところ,劇団名赤星マサノリ×坂口修一二人芝居,https://kan-geki.com/streaming/play/381,カテゴリー
不思議の国のおっとぎ話,劇団名MIME+（ミメット）,https://kan-geki.com/streaming/play/382,"カテゴリーファンタジー,"
女は繰り返す,劇団名劇団ガバメンツ,https://kan-geki.com/streaming/play/383,"カテゴリーコメディ,"
私,劇団名モンゴルズシアターカンパニー,https://kan-geki.com/streaming/play/384,"カテゴリー不条理・アングラ,"
朝まで生ゴヅラ2020　大大阪舞台博覧会バージョン,劇団名笑の内閣,https://kan-geki.com/streaming/play/385,"カテゴリーコメディ,"
怪物,劇団名少年眼鏡,https://kan-geki.com/streaming/play/386,"カテゴリードラマ,"
人力お化け屋敷「恐怖の館２」,劇団名劇団子供鉅人,https://kan-geki.com/streaming/play/387,"カテゴリー不条理・アングラ,"
無名稿 機械,劇団名無名劇団,https://kan-geki.com/streaming/play/388,"カテゴリードラマ,"
水たまり（青空カラオケ版）,劇団名森林浴,https://kan-geki.com/streaming/play/389,"カテゴリー不条理・アングラ,"
小鳥。名前はコネリ。,劇団名コトリ会議,https://kan-geki.com/streaming/play/390,"カテゴリードラマ,"
ひともと,劇団名南河内番外一ザ・ヤング,https://kan-geki.com/streaming/play/391,"カテゴリードラマ,"
ハジケル。,劇団名劇団ふぞろいぞろい,https://kan-geki.com/streaming/play/392,"カテゴリー不条理・アングラ,"
SQUARE AREA（大大阪舞台博覧会Ver.）,劇団名劇団壱劇屋,https://kan-geki.com/streaming/play/393,"カテゴリー不条理・アングラ,"
Onin No Run,劇団名坂口修一,https://kan-geki.com/streaming/play/394,"カテゴリーコメディ,"
姉学,劇団名劇団演りだおれ,https://kan-geki.com/streaming/play/395,"カテゴリーコメディ,"
タンバリンが赤い,劇団名うんなま（劇団うんこなまず改め）,https://kan-geki.com/streaming/play/396,"カテゴリードラマ,"
出口はナイらしい,劇団名かまとと小町,https://kan-geki.com/streaming/play/397,"カテゴリーコメディ,恋愛,"
僻地まで,劇団名ドキドキぼーいず,https://kan-geki.com/streaming/play/398,"カテゴリードラマ,"
黄金バット,劇団名May,https://kan-geki.com/streaming/play/399,"カテゴリーコメディ,"
最後の晩餐,劇団名オパンポン創造社,https://kan-geki.com/streaming/play/400,"カテゴリードラマ,"
こんなにも悲しくなってしまった,劇団名努力クラブ,https://kan-geki.com/streaming/play/401,"カテゴリーコメディ,"
市民風景,劇団名おおさかパレット,https://kan-geki.com/streaming/play/402,"カテゴリーSF,ドラマ,不条理・アングラ,"
KAGURA,劇団名MOGURAKAGURA,https://kan-geki.com/streaming/play/403,"カテゴリードラマ,"
居坐りのひ,劇団名N₂,https://kan-geki.com/streaming/play/404,"カテゴリードラマ,"
春に,劇団名突劇金魚,https://kan-geki.com/streaming/play/405,"カテゴリードラマ,"
貧乏ネ申～The Poor Zombies～,劇団名赤星マサノリ×坂口修一二人芝居,https://kan-geki.com/streaming/play/406,カテゴリー
Equal―イコールー,劇団名赤星マサノリ×坂口修一二人芝居,https://kan-geki.com/streaming/play/407,カテゴリー
赤ずきん・３びきのこぶた,劇団名劇団飛行船,https://kan-geki.com/streaming/play/408,カテゴリー
ピーターパン,劇団名劇団飛行船,https://kan-geki.com/streaming/play/409,カテゴリー
桃太郎,劇団名劇団飛行船,https://kan-geki.com/streaming/play/410,カテゴリー
ジャックと豆の木,劇団名劇団飛行船,https://kan-geki.com/streaming/play/411,カテゴリー
ロビンフッドの冒険,劇団名劇団飛行船,https://kan-geki.com/streaming/play/412,カテゴリー
ハイ/ウェイ,劇団名sunday,https://kan-geki.com/streaming/play/413,カテゴリー
リボーン・チャンス,劇団名カムヰヤッセン,https://kan-geki.com/streaming/play/414,カテゴリー
アリスの国のアリス,劇団名劇団アカレンガ,https://kan-geki.com/streaming/play/415,"カテゴリーミュージカル,"
鮨,劇団名afterimage,https://kan-geki.com/streaming/play/416,"カテゴリーミュージカル,"
そびえ立つ建設国債の山を、空を飛び、村正の太刀で掻っ捌く,劇団名afterimage,https://kan-geki.com/streaming/play/417,"カテゴリーミュージカル,"
冗談じゃない、俺たちにはまだメタンハイドレートガスがある,劇団名afterimage,https://kan-geki.com/streaming/play/418,"カテゴリーミュージカル,"
俺はお前の流暢なスペイン語に興味は無い,劇団名afterimage,https://kan-geki.com/streaming/play/419,"カテゴリーミュージカル,"
ニトロ,劇団名afterimage,https://kan-geki.com/streaming/play/420,"カテゴリーミュージカル,"
キリエ礼讚,劇団名非・売れ線系ビーナス,https://kan-geki.com/streaming/play/421,カテゴリー
心がわりエアポート,劇団名sunday,https://kan-geki.com/streaming/play/422,カテゴリー
夢ばかり,劇団名真紅組,https://kan-geki.com/streaming/play/423,カテゴリー
闘争/判断,劇団名モンゴルズシアターカンパニー,https://kan-geki.com/streaming/play/425,カテゴリー
モーツァルトとマリー・アントワネット,劇団名東京イボンヌ,https://kan-geki.com/streaming/play/426,カテゴリー
さいごのかみさま,劇団名リジッター企画,https://kan-geki.com/streaming/play/427,カテゴリー
女郎蜘蛛,劇団名いしだくみ子ひとり芝居,https://kan-geki.com/streaming/play/428,カテゴリー
銀幕心中,劇団名SPIRALMOON,https://kan-geki.com/streaming/play/429,カテゴリー
いっぽんの木,劇団名リジッター企画,https://kan-geki.com/streaming/play/430,カテゴリー
もしも、シ,劇団名リジッター企画,https://kan-geki.com/streaming/play/431,カテゴリー
林檎ト大地ノ黙示録　Aチーム,劇団名リジッター企画,https://kan-geki.com/streaming/play/432,カテゴリー
林檎ト大地ノ黙示録　Bチーム,劇団名リジッター企画,https://kan-geki.com/streaming/play/433,カテゴリー
あるオト、あるヒカリ、あるカラダ、 あるコトバ、 あるミライ、そのタもろもろ、 の、あるケシキ,劇団名リジッター企画,https://kan-geki.com/streaming/play/434,カテゴリー
でんでんむしのからのなか,劇団名リジッター企画,https://kan-geki.com/streaming/play/435,カテゴリー
まぼろし（再演）,劇団名リジッター企画,https://kan-geki.com/streaming/play/436,カテゴリー
ミロウのヴィーナス,劇団名リジッター企画,https://kan-geki.com/streaming/play/437,カテゴリー
誰がための笛は鳴る,劇団名リジッター企画,https://kan-geki.com/streaming/play/438,カテゴリー
クルりクルりと、光の方へ,劇団名リジッター企画,https://kan-geki.com/streaming/play/439,カテゴリー
ドロップキック・シスターズ,劇団名DOORプロデュース,https://kan-geki.com/streaming/play/440,カテゴリー
友情のようなもの,劇団名夕暮れ社弱男ユニット,https://kan-geki.com/streaming/play/441,カテゴリー
オフ ザ ライン,劇団名劇団なのぐらむ,https://kan-geki.com/streaming/play/442,カテゴリー
タイムマシンレポート,劇団名アトミック☆グース,https://kan-geki.com/streaming/play/443,カテゴリー
スポンジドライバー,劇団名アトミック☆グース,https://kan-geki.com/streaming/play/444,カテゴリー
月光条例 ～月光編～ A,劇団名カプセル兵団,https://kan-geki.com/streaming/play/445,カテゴリー
月光条例 ～月光編～ B,劇団名カプセル兵団,https://kan-geki.com/streaming/play/446,カテゴリー
月光条例 ～カグヤ編～ A,劇団名カプセル兵団,https://kan-geki.com/streaming/play/447,カテゴリー
月光条例 ～カグヤ編～ B,劇団名カプセル兵団,https://kan-geki.com/streaming/play/448,カテゴリー
月光条例 ～カグヤ編～ C,劇団名カプセル兵団,https://kan-geki.com/streaming/play/449,カテゴリー
月光条例 ～カグヤ編～ D,劇団名カプセル兵団,https://kan-geki.com/streaming/play/450,カテゴリー
からくりサーカス～からくり編～,劇団名カプセル兵団,https://kan-geki.com/streaming/play/451,カテゴリー
からくりサーカス～サーカス編～,劇団名カプセル兵団,https://kan-geki.com/streaming/play/452,カテゴリー
超鋼祈願ササヅカイン − 新たなる脅威 −,劇団名カプセル兵団,https://kan-geki.com/streaming/play/453,カテゴリー
ディアボロス,劇団名カプセル兵団,https://kan-geki.com/streaming/play/454,カテゴリー
DUSTSHOOTERS－ダストシューターズ－,劇団名カプセル兵団,https://kan-geki.com/streaming/play/455,カテゴリー
GHOST SEED − ゴーストシード −（2015年版）,劇団名カプセル兵団,https://kan-geki.com/streaming/play/456,カテゴリー
さよならのための怪獣人形劇『パフ』,劇団名劇団しようよ,https://kan-geki.com/streaming/play/458,カテゴリー
変調・夏祭浪花鑑２０１５,劇団名カン劇cockpit,https://kan-geki.com/streaming/play/459,カテゴリー
ツキカゲノモリ（2014年版）,劇団名満月動物園,https://kan-geki.com/streaming/play/460,カテゴリー
アベノ座の怪人たち,劇団名スクエア,https://kan-geki.com/streaming/play/461,カテゴリー
Ato-Saki,劇団名VOGA,https://kan-geki.com/streaming/play/462,カテゴリー
DIGITALIS ～隠サレヌ恋～,劇団名VOGA,https://kan-geki.com/streaming/play/463,カテゴリー
本社イチマル,劇団名スクエア,https://kan-geki.com/streaming/play/464,カテゴリー
Lobby,劇団名VOGA,https://kan-geki.com/streaming/play/465,カテゴリー
Vector,劇団名VOGA,https://kan-geki.com/streaming/play/466,カテゴリー
天狼ノ星【天の章】,劇団名劇団ZTON,https://kan-geki.com/streaming/play/467,カテゴリー
天狼ノ星【地の章】,劇団名劇団ZTON,https://kan-geki.com/streaming/play/468,カテゴリー
文明ノ獣,劇団名劇団レトルト内閣,https://kan-geki.com/streaming/play/469,カテゴリー
ザサン,劇団名壁ノ花団,https://kan-geki.com/streaming/play/470,カテゴリー
ニューヘアスタイルイズグッド,劇団名壁ノ花団,https://kan-geki.com/streaming/play/471,カテゴリー
炎のストッパー津田恒美物語　バイバイ,劇団名演劇集団よろずや,https://kan-geki.com/streaming/play/472,カテゴリー
ツキノウタ,劇団名満月動物園,https://kan-geki.com/streaming/play/473,カテゴリー
Ragnarok-ラグナロク-,劇団名ブラック★タイツ,https://kan-geki.com/streaming/play/474,カテゴリー
ノクターン,劇団名プロトテアトル,https://kan-geki.com/streaming/play/475,カテゴリー
晴天長短,劇団名May,https://kan-geki.com/streaming/play/476,カテゴリー
奪われた手紙～福岡民間検閲局～,劇団名ギンギラ太陽’s×劇団ショーマンシップ,https://kan-geki.com/streaming/play/477,カテゴリー
覇道ナクシテ、泰平ヲミル【偽王劉備編】,劇団名劇団ZTON,https://kan-geki.com/streaming/play/478,カテゴリー
覇道ナクシテ、泰平ヲミル【蝕王曹操編】,劇団名劇団ZTON,https://kan-geki.com/streaming/play/479,カテゴリー
組曲「PANDORA -Op.2 炎の章-」,劇団名ProjectUZU,https://kan-geki.com/streaming/play/480,カテゴリー
組曲「PANDORA -Op.3 水の章-」,劇団名ProjectUZU,https://kan-geki.com/streaming/play/481,カテゴリー
組曲「PANDORA -Op.3 大地の章-」,劇団名ProjectUZU,https://kan-geki.com/streaming/play/482,カテゴリー
組曲「PANDORA -Op.4 樹の章-」,劇団名ProjectUZU,https://kan-geki.com/streaming/play/483,カテゴリー
コマツマツリ2015,劇団名小松利昌一人芝居,https://kan-geki.com/streaming/play/484,カテゴリー
サイドカー,劇団名壁ノ花団,https://kan-geki.com/streaming/play/485,カテゴリー
猩獣 -shoju-,劇団名劇団壱劇屋,https://kan-geki.com/streaming/play/486,カテゴリー
ツキノヒカリ,劇団名満月動物園,https://kan-geki.com/streaming/play/487,カテゴリー
ギル・ギルティ／イノセンス,劇団名MicroToMacro,https://kan-geki.com/streaming/play/488,カテゴリー
セイ透明ハロー・セイ金色グッバイ,劇団名MicroToMacro,https://kan-geki.com/streaming/play/489,カテゴリー
ロス・ドス・ロウヘブン～ここに在る、なんて低い天国～,劇団名MicroToMacro,https://kan-geki.com/streaming/play/490,カテゴリー
スカイフィッシュ・ワルツ～ボクとボクラノ カコ・イマ・ミライ～,劇団名MicroToMacro,https://kan-geki.com/streaming/play/491,カテゴリー
ハネモノ／ブルー・ヘブン,劇団名MicroToMacro,https://kan-geki.com/streaming/play/492,カテゴリー
ツキシカナイ,劇団名満月動物園,https://kan-geki.com/streaming/play/493,カテゴリー
ツキノオト,劇団名満月動物園,https://kan-geki.com/streaming/play/494,カテゴリー
プレゼントタイム・ハローグッバイ,劇団名匿名劇壇,https://kan-geki.com/streaming/play/495,カテゴリー
Moon guitar,劇団名A級MissingLink,https://kan-geki.com/streaming/play/496,カテゴリー
マンガマン,劇団名スクエア,https://kan-geki.com/streaming/play/497,カテゴリー
ゲルダ～Christmas Edition～,劇団名ムーンビームマシン,https://kan-geki.com/streaming/play/498,カテゴリー
月雪の娘,劇団名ムーンビームマシン,https://kan-geki.com/streaming/play/499,カテゴリー
ファンタジア・オブ・ザ・マーメイド,劇団名ムーンビームマシン,https://kan-geki.com/streaming/play/500,カテゴリー
ドロテアノヒツギ～evolution～,劇団名ムーンビームマシン,https://kan-geki.com/streaming/play/501,カテゴリー
覇道ナクシテ、泰平ヲミル【偽蝕劉曹編】,劇団名劇団ZTON,https://kan-geki.com/streaming/play/502,カテゴリー
覇道ナクシテ、泰平ヲミル【真王孫権編】,劇団名劇団ZTON,https://kan-geki.com/streaming/play/503,カテゴリー
Soldiers ソルジャー,劇団名東京ハートブレイカーズ,https://kan-geki.com/streaming/play/504,カテゴリー
ゼリーの誘惑,劇団名東京ハートブレイカーズ,https://kan-geki.com/streaming/play/505,カテゴリー
アポロ・ボーイズ　THE APOLLO BOYZ,劇団名東京ハートブレイカーズ,https://kan-geki.com/streaming/play/506,カテゴリー
ぬれぎぬ,劇団名アマヤドリ,https://kan-geki.com/streaming/play/507,カテゴリー
非常の階段,劇団名アマヤドリ,https://kan-geki.com/streaming/play/508,カテゴリー
夜にだって月はあるから,劇団名May,https://kan-geki.com/streaming/play/509,カテゴリー
ト音（再演）,劇団名劇団5454（ランドリー）,https://kan-geki.com/streaming/play/510,カテゴリー
うっかり婚活スターウォーズ,劇団名かのうとおっさん,https://kan-geki.com/streaming/play/511,カテゴリー
鼠-2016-,劇団名モンゴルズシアターカンパニー,https://kan-geki.com/streaming/play/512,カテゴリー
ログログ,劇団名キリンバズウカ,https://kan-geki.com/streaming/play/513,カテゴリー
マチワビ,劇団名キリンバズウカ,https://kan-geki.com/streaming/play/514,カテゴリー
よれた僕らの水平思考,劇団名万能グローブガラパゴスダイナモス,https://kan-geki.com/streaming/play/515,カテゴリー
シアトリカルマジックライブ「Retrace」,劇団名TheatricalMagicProject,https://kan-geki.com/streaming/play/516,カテゴリー
シアトリカルマジックライブ「Collæge ＜コラージュ＞ 」,劇団名TheatricalMagicProject,https://kan-geki.com/streaming/play/517,カテゴリー
シアトリカルマジックライブ「COLOR NOTE」,劇団名TheatricalMagicProject,https://kan-geki.com/streaming/play/518,カテゴリー
シアトリカルマジックライブ「COLOR NOTE ii」,劇団名TheatricalMagicProject,https://kan-geki.com/streaming/play/519,カテゴリー
TERAMACHI,劇団名Baobab,https://kan-geki.com/streaming/play/520,カテゴリー
或いは、熱狂。,劇団名Baobab,https://kan-geki.com/streaming/play/521,カテゴリー
ナイゲン（全国版）,劇団名アガリスクエンターテイメント,https://kan-geki.com/streaming/play/522,カテゴリー
Marina bay sans,劇団名Baobab,https://kan-geki.com/streaming/play/523,カテゴリー
しんじゃうおへや,劇団名yhs,https://kan-geki.com/streaming/play/524,カテゴリー
けいすけくん地獄,劇団名pityman,https://kan-geki.com/streaming/play/525,カテゴリー
イレカワ~私がいない間に一体ワタシは何をしていたのか？~,劇団名中野劇団,https://kan-geki.com/streaming/play/526,カテゴリー
短篇集『趣味と実害』,劇団名中野劇団,https://kan-geki.com/streaming/play/527,カテゴリー
10分間2010～タイムリープが止まらない～,劇団名中野劇団,https://kan-geki.com/streaming/play/528,カテゴリー
カラメル,劇団名妄烈キネマレコード,https://kan-geki.com/streaming/play/529,カテゴリー
BALL,劇団名東洋企画,https://kan-geki.com/streaming/play/530,カテゴリー
ゾーヤ・ペーリツのアパート,劇団名時間堂,https://kan-geki.com/streaming/play/531,カテゴリー
ことほぐ,劇団名intro,https://kan-geki.com/streaming/play/532,カテゴリー
西のメリーゴーランド,劇団名万能グローブガラパゴスダイナモス,https://kan-geki.com/streaming/play/533,カテゴリー
蒸発,劇団名intro,https://kan-geki.com/streaming/play/534,カテゴリー
星降る夜になったら,劇団名万能グローブガラパゴスダイナモス,https://kan-geki.com/streaming/play/535,"カテゴリーコメディ,"
レモンサイダーバカンス（阿部ver）,劇団名万能グローブガラパゴスダイナモス,https://kan-geki.com/streaming/play/536,カテゴリー
江戸系 諏訪御寮,劇団名あやめ十八番,https://kan-geki.com/streaming/play/537,カテゴリー
幕末紅蜀葵,劇団名劇団ZTON,https://kan-geki.com/streaming/play/538,カテゴリー
レモンサイダーバカンス（石橋ver）,劇団名万能グローブガラパゴスダイナモス,https://kan-geki.com/streaming/play/539,カテゴリー
『生活 』後向きver,劇団名七月ハリケーン,https://kan-geki.com/streaming/play/540,カテゴリー
つきまとう教室,劇団名深夜ガタンゴトン,https://kan-geki.com/streaming/play/541,カテゴリー
あとにさきだつうたかたの,劇団名演劇集団Ring-Bong,https://kan-geki.com/streaming/play/542,カテゴリー
しろたへの春契りきな,劇団名演劇集団Ring-Bong,https://kan-geki.com/streaming/play/543,カテゴリー
闇のうつつに我は我かは,劇団名演劇集団Ring-Bong,https://kan-geki.com/streaming/play/544,カテゴリー
月に叢雲、花に風,劇団名劇団ZTON,https://kan-geki.com/streaming/play/545,カテゴリー
馬鹿やろう、そこは掘るな,劇団名万能グローブガラパゴスダイナモス,https://kan-geki.com/streaming/play/546,カテゴリー
ボスがイエスマン,劇団名万能グローブガラパゴスダイナモス,https://kan-geki.com/streaming/play/547,カテゴリー
ひとんちでさよなら,劇団名万能グローブガラパゴスダイナモス,https://kan-geki.com/streaming/play/548,カテゴリー
May’s frontview Vol.31＋ 『風の市』,劇団名May,https://kan-geki.com/streaming/play/549,カテゴリー
Social walk,劇団名VOGA,https://kan-geki.com/streaming/play/550,カテゴリー
悪魔を汚せ,劇団名演劇ユニット鵺的,https://kan-geki.com/streaming/play/551,カテゴリー
リビング,劇団名カスガイ,https://kan-geki.com/streaming/play/552,カテゴリー
イカサマノネット,劇団名アトミック☆グース,https://kan-geki.com/streaming/play/553,カテゴリー
湿原ラジオ,劇団名スクエア,https://kan-geki.com/streaming/play/554,カテゴリー
アキラ君は老け顔,劇団名くによし組,https://kan-geki.com/streaming/play/555,カテゴリー
CREATIVE DIRECTOR,劇団名THEROBCARLTON,https://kan-geki.com/streaming/play/556,カテゴリー
丘の上、ただひとつの家,劇団名演劇ユニット鵺的,https://kan-geki.com/streaming/play/557,カテゴリー
富豪タイフーン,劇団名突劇金魚,https://kan-geki.com/streaming/play/558,カテゴリー
Recycle缶の階『話すのなら、今ここにないもののことを話したかった。 今ここにないものの話ばかりしようと思った。』,劇団名階,https://kan-geki.com/streaming/play/559,カテゴリー
baghdad cafe’とコトリ会議の合同公演「メェメと鳴くのは動物だからそうさ」,劇団名コトバグリ,https://kan-geki.com/streaming/play/560,カテゴリー
とびきり不幸な旅行店,劇団名東京ハートブレイカーズ,https://kan-geki.com/streaming/play/561,カテゴリー
コルトガバメンツ,劇団名東京ハートブレイカーズ,https://kan-geki.com/streaming/play/562,カテゴリー
アップ・ダディ・ダウン,劇団名ステージタイガー,https://kan-geki.com/streaming/play/563,カテゴリー
ランニングホーム,劇団名ステージタイガー,https://kan-geki.com/streaming/play/564,カテゴリー
ココロコロガシ,劇団名カプセル兵団,https://kan-geki.com/streaming/play/565,カテゴリー
SQUARE AREA(2016年版),劇団名劇団壱劇屋,https://kan-geki.com/streaming/play/566,カテゴリー
チクリトアオイ,劇団名劇団ZIG.ZAG.BITE,https://kan-geki.com/streaming/play/567,カテゴリー
真夜中すべての白を,劇団名MicroToMacro,https://kan-geki.com/streaming/play/568,カテゴリー
カミナズム,劇団名彗星マジック,https://kan-geki.com/streaming/play/569,カテゴリー
ポストグラフ,劇団名彗星マジック,https://kan-geki.com/streaming/play/570,カテゴリー
天邪鬼,劇団名柿喰う客,https://kan-geki.com/streaming/play/571,カテゴリー
カミナズム千秋楽・定点映像,劇団名彗星マジック,https://kan-geki.com/streaming/play/572,カテゴリー
ポストグラフ千秋楽・定点映像,劇団名彗星マジック,https://kan-geki.com/streaming/play/573,カテゴリー
風の又三郎　ODYSSEY OF WIND,劇団名小池博史ブリッジプロジェクト,https://kan-geki.com/streaming/play/574,カテゴリー
福喜多さんちの三兄弟５～ポインセチアの頃～,劇団名劇団925,https://kan-geki.com/streaming/play/575,カテゴリー
記憶は時空を超えて,劇団名劇団銀河,https://kan-geki.com/streaming/play/576,カテゴリー
オルタソフィア‐憂国の革命因子‐,劇団名劇団ZTON,https://kan-geki.com/streaming/play/577,カテゴリー
骨せつサンバ,劇団名超人予備校,https://kan-geki.com/streaming/play/578,カテゴリー
ひもの男,劇団名妄烈キネマレコード,https://kan-geki.com/streaming/play/579,カテゴリー
Evergreen Online / EDIT,劇団名ALTERNAITProduce,https://kan-geki.com/streaming/play/580,カテゴリー
紡ぎ屋カラムと紅い糸,劇団名羊とドラコ,https://kan-geki.com/streaming/play/582,カテゴリー
透視図,劇団名維新派,https://kan-geki.com/streaming/play/583,カテゴリー
トワイライト,劇団名維新派,https://kan-geki.com/streaming/play/584,カテゴリー
グスコーブドリの伝記,劇団名SPAC-静岡県舞台芸術センター,https://kan-geki.com/streaming/play/586,カテゴリー
オパンポン☆ナイトvol.3〜曖昧模糊〜,劇団名オパンポン創造社,https://kan-geki.com/streaming/play/587,カテゴリー
ペチカとエトランジェ,劇団名冷凍うさぎ,https://kan-geki.com/streaming/play/588,カテゴリー
nostalgia,劇団名維新派,https://kan-geki.com/streaming/play/589,カテゴリー
呼吸機械,劇団名維新派,https://kan-geki.com/streaming/play/590,カテゴリー
台湾の、灰色の牛が背のびをしたとき,劇団名維新派,https://kan-geki.com/streaming/play/591,カテゴリー
reset-N 再起動公演“knob”,劇団名reset-N,https://kan-geki.com/streaming/play/592,カテゴリー
クママーク,劇団名カムカムミニキーナ,https://kan-geki.com/streaming/play/593,カテゴリー
久しぶりのはじめまして,劇団名池シタアツ子の美カモト響,https://kan-geki.com/streaming/play/594,カテゴリー
身体からいろんなモノを出す男,劇団名坂口修一,https://kan-geki.com/streaming/play/595,カテゴリー
For　スマイル（日本語音声字幕付）,劇団名ななめ４５°,https://kan-geki.com/streaming/play/596,カテゴリー
空飛ぶ遊園地,劇団名劇団☆世界一団,https://kan-geki.com/streaming/play/597,カテゴリー
行進曲「食卓」（日本語音声字幕付）,劇団名こまち日和,https://kan-geki.com/streaming/play/598,カテゴリー
梨の礫の梨（日本語音声字幕付）,劇団名サキトサンズ,https://kan-geki.com/streaming/play/599,カテゴリー
前向き！タイモン,劇団名Nibroll／ミクニヤナイハラプロジェクト,https://kan-geki.com/streaming/play/600,カテゴリー
すばらしい日だ金がいる,劇団名アマヤドリ,https://kan-geki.com/streaming/play/601,カテゴリー
春のロングラン＆ツアー公演『ロクな死にかた』（風姿花伝版）,劇団名アマヤドリ,https://kan-geki.com/streaming/play/602,カテゴリー
チョコレートタウンとトラブルカカオ,劇団名激団しろっとそん,https://kan-geki.com/streaming/play/603,カテゴリー
会いたくて会えなさすぎるあなたたちへ,劇団名baghdadcafe’,https://kan-geki.com/streaming/play/604,カテゴリー
数えきれないカルダーノの世界[MaleSIDE],劇団名ALTERNAITProduce,https://kan-geki.com/streaming/play/605,"カテゴリーミステリー・サスペンス,"
数えきれないカルダーノの世界[FamaleSIDE],劇団名ALTERNAITProduce,https://kan-geki.com/streaming/play/606,"カテゴリーミステリー・サスペンス,"
THE FAMILIAR,劇団名東京サムライガンズ,https://kan-geki.com/streaming/play/607,カテゴリー
ただいま！ 2016,劇団名うわの空・藤志郎一座,https://kan-geki.com/streaming/play/609,カテゴリー
ローラ殺人事件,劇団名劇団時乃旅人,https://kan-geki.com/streaming/play/610,カテゴリー
０号 (Ver.2014),劇団名ゲキバカ,https://kan-geki.com/streaming/play/612,カテゴリー
スローペイン,劇団名劇団なのぐらむ,https://kan-geki.com/streaming/play/613,カテゴリー
非！リア王,劇団名妄烈キネマレコード,https://kan-geki.com/streaming/play/614,カテゴリー
生きてるものはいないのか,劇団名五反田団,https://kan-geki.com/streaming/play/615,カテゴリー
もっと美人だった,劇団名箱庭円舞曲,https://kan-geki.com/streaming/play/616,カテゴリー
明後日まで内緒にしておく,劇団名らまのだ,https://kan-geki.com/streaming/play/617,カテゴリー
もしも、シ〜とある日の反射〜 月チーム,劇団名リジッター企画,https://kan-geki.com/streaming/play/618,カテゴリー
もしも、シ〜とある日の反射〜 陽チーム,劇団名リジッター企画,https://kan-geki.com/streaming/play/619,カテゴリー
生きてるものか,劇団名五反田団,https://kan-geki.com/streaming/play/620,"カテゴリーその他,"
こっからの、距離,劇団名空晴,https://kan-geki.com/streaming/play/621,"カテゴリードラマ,コメディ,"
桜舞う夜、君想ふ(2015年版),劇団名STAR☆JACKS,https://kan-geki.com/streaming/play/622,カテゴリー
幸村ー真田戦記ー,劇団名BSP（ブルーシャトルプロデュース）,https://kan-geki.com/streaming/play/623,カテゴリー
壬生狼,劇団名BSP（ブルーシャトルプロデュース）,https://kan-geki.com/streaming/play/624,カテゴリー
無名稿 機械,劇団名無名劇団,https://kan-geki.com/streaming/play/626,カテゴリー
RUN ver.2.0,劇団名お座敷コブラ,https://kan-geki.com/streaming/play/627,カテゴリー
五反田怪団2012,劇団名五反田団,https://kan-geki.com/streaming/play/628,カテゴリー
うちの犬はサイコロを振るのをやめた,劇団名ポップンマッシュルームチキン野郎,https://kan-geki.com/streaming/play/629,カテゴリー
パダラマジュグラマ,劇団名おぼんろ,https://kan-geki.com/streaming/play/630,カテゴリー
歪ハイツ,劇団名fukui劇,https://kan-geki.com/streaming/play/631,カテゴリー
西成の虎,劇団名劇団ネコ脱出,https://kan-geki.com/streaming/play/632,カテゴリー
義経ギャラクシー　～銀河鉄道と五条大橋の999～,劇団名X-QUEST,https://kan-geki.com/streaming/play/633,カテゴリー
神芝居 ～アリス・イン・ギガニッポンノワンダーランド～,劇団名X-QUEST,https://kan-geki.com/streaming/play/634,カテゴリー
金と銀の鬼-チェインソウル-,劇団名X-QUEST,https://kan-geki.com/streaming/play/635,カテゴリー
Play a Life,劇団名TipTap,https://kan-geki.com/streaming/play/636,カテゴリー
ティル・ナ・ノーグ 〜太陽の系譜〜,劇団名劇団ZTON,https://kan-geki.com/streaming/play/637,カテゴリー
わが家の最終的解決,劇団名アガリスクエンターテイメント,https://kan-geki.com/streaming/play/638,カテゴリー
ヨイヤミ,劇団名こまち日和,https://kan-geki.com/streaming/play/639,カテゴリー
轟音、つぶやくよう うたう、うたう彼女は,劇団名空宙空地,https://kan-geki.com/streaming/play/640,カテゴリー
ガラスのエイリアン,劇団名空宙空地,https://kan-geki.com/streaming/play/641,カテゴリー
"King Lear, SADAHARU ーリア王貞治ー",劇団名KPR／開幕ペナントレース,https://kan-geki.com/streaming/play/642,カテゴリー
大悪党,劇団名劇団モリンチュ,https://kan-geki.com/streaming/play/643,カテゴリー
忘れらんねえよ,劇団名劇想からまわりえっちゃん,https://kan-geki.com/streaming/play/644,カテゴリー
女装、男装、冬支度,劇団名FUKAIPRODUCE羽衣,https://kan-geki.com/streaming/play/646,カテゴリー
白い花,劇団名ジャグリング・ユニット・フラトレス,https://kan-geki.com/streaming/play/647,カテゴリー
ガウデンテ〜私の守りたかったメロディ〜,劇団名しかプロ（四方香菜Produce改め）,https://kan-geki.com/streaming/play/648,カテゴリー
雪の女王、より,劇団名リリーエアライン,https://kan-geki.com/streaming/play/649,カテゴリー
ぬるい体はかたくなる,劇団名深夜ガタンゴトン,https://kan-geki.com/streaming/play/650,カテゴリー
スウィーティドム,劇団名演劇組織KIMYO,https://kan-geki.com/streaming/play/651,カテゴリー
シティ,劇団名演劇組織KIMYO,https://kan-geki.com/streaming/play/652,カテゴリー
アドア,劇団名演劇組織KIMYO,https://kan-geki.com/streaming/play/653,カテゴリー
大地～巡る生,劇団名イーアイオー,https://kan-geki.com/streaming/play/654,カテゴリー
スペースラブ,劇団名劇団☆世界一団,https://kan-geki.com/streaming/play/656,カテゴリー
不思議な森のチュチュ,劇団名劇団☆世界一団,https://kan-geki.com/streaming/play/657,カテゴリー
荘厳序曲2025年,劇団名劇団☆世界一団,https://kan-geki.com/streaming/play/659,カテゴリー
"Listen to Me, Please",劇団名Shakespeare’sWildSistersGroup,https://kan-geki.com/streaming/play/660,カテゴリー
約三十の嘘,劇団名MONO,https://kan-geki.com/streaming/play/662,カテゴリー
東京ドーピング2020,劇団名火遊び,https://kan-geki.com/streaming/play/663,カテゴリー
13～招かれざる客人～RADICAL,劇団名ArtistUnitイカスケ,https://kan-geki.com/streaming/play/665,カテゴリー
四面楚歌シンドローム,劇団名ArtistUnitイカスケ,https://kan-geki.com/streaming/play/666,カテゴリー
ランドリーシンドローム,劇団名劇団5454（ランドリー）,https://kan-geki.com/streaming/play/668,カテゴリー
ト音（2013年公演）,劇団名劇団5454（ランドリー）,https://kan-geki.com/streaming/play/669,カテゴリー
マザー,劇団名劇団5454（ランドリー）,https://kan-geki.com/streaming/play/670,カテゴリー
tag,劇団名劇団5454（ランドリー）,https://kan-geki.com/streaming/play/671,カテゴリー
トランスイマー,劇団名劇団5454（ランドリー）,https://kan-geki.com/streaming/play/672,カテゴリー
少年の庭,劇団名劇団5454（ランドリー）,https://kan-geki.com/streaming/play/673,カテゴリー
平日の天使、その他の短編,劇団名キコ/qui-co.,https://kan-geki.com/streaming/play/678,カテゴリー
第2回：劇団宴夢『大四国帝国』,劇団名全国学生演劇祭,https://kan-geki.com/streaming/play/679,カテゴリー
第2回：劇団西一風『ピントフ™』,劇団名全国学生演劇祭,https://kan-geki.com/streaming/play/680,カテゴリー
第2回：南山大学演劇部「HI-SECO」企画『絶頂終劇（テクノブレイク）で完全犯罪』,劇団名全国学生演劇祭,https://kan-geki.com/streaming/play/681,カテゴリー
第2回：劇団カマセナイ『ナインティーン・コスプレーション』,劇団名全国学生演劇祭,https://kan-geki.com/streaming/play/682,カテゴリー
第2回：劇団なかゆび『４５分間』,劇団名全国学生演劇祭,https://kan-geki.com/streaming/play/683,カテゴリー
第2回：一寸先はパルプンテ『境界』,劇団名全国学生演劇祭,https://kan-geki.com/streaming/play/684,カテゴリー
第2回：劇団マシカク『自憂空間』,劇団名全国学生演劇祭,https://kan-geki.com/streaming/play/685,カテゴリー
第2回：岡山大学演劇部『山田次郎物語』,劇団名全国学生演劇祭,https://kan-geki.com/streaming/play/686,カテゴリー
第2回：幻灯劇場『DADA』,劇団名全国学生演劇祭,https://kan-geki.com/streaming/play/687,カテゴリー
第2回：シラカン『永遠とわとは』,劇団名全国学生演劇祭,https://kan-geki.com/streaming/play/688,カテゴリー
さよならサブカルチャーおかえり恋心,劇団名べろべろガンキュウ女,https://kan-geki.com/streaming/play/689,カテゴリー
SFFスピンオフ企画「下北コロッケ」,劇団名SFF,https://kan-geki.com/streaming/play/691,カテゴリー
残魂エンド摂氏零度,劇団名芝居流通センターデス電所,https://kan-geki.com/streaming/play/695,カテゴリー
おぼろ（2017年版）,劇団名ゲキバカ,https://kan-geki.com/streaming/play/696,カテゴリー
"Nice to meet you, My old friend",劇団名劇団競泳水着,https://kan-geki.com/streaming/play/697,カテゴリー
嗾け上手の初恋,劇団名劇団競泳水着,https://kan-geki.com/streaming/play/698,カテゴリー
問題作・湿った町の少年,劇団名劇団SUN,https://kan-geki.com/streaming/play/699,カテゴリー
⑧「愛でもないし、youでもなくて、ジェイ。」,劇団名アナログスイッチ,https://kan-geki.com/streaming/play/700,"カテゴリードラマ,コメディ,恋愛,"
⑤「幸せを運ぶ男たち」,劇団名アナログスイッチ,https://kan-geki.com/streaming/play/701,"カテゴリードラマ,コメディ,"
短篇集『ブルー』,劇団名中野劇団,https://kan-geki.com/streaming/play/702,カテゴリー
こっちを向いて、みどり,劇団名劇団しようよ,https://kan-geki.com/streaming/play/703,カテゴリー
短篇集『残念なこと』,劇団名中野劇団,https://kan-geki.com/streaming/play/704,カテゴリー
ミッド・ナイト・エクスプレス第1話「誕生」,劇団名坂口修一,https://kan-geki.com/streaming/play/705,カテゴリー
ミッド・ナイト・エクスプレス第2話「万博ディズニーランド」,劇団名坂口修一,https://kan-geki.com/streaming/play/706,カテゴリー
ミッド・ナイト・エクスプレス第3話「プロフェッショナルステージ」,劇団名坂口修一,https://kan-geki.com/streaming/play/707,カテゴリー
ミッド・ナイト・エクスプレス第4話「レインカバーソール」,劇団名坂口修一,https://kan-geki.com/streaming/play/708,カテゴリー
ミッド・ナイト・エクスプレス第5話「シルバーフォックス」,劇団名坂口修一,https://kan-geki.com/streaming/play/709,カテゴリー
ミッド・ナイト・エクスプレス第6話「放送部の村田先輩」,劇団名坂口修一,https://kan-geki.com/streaming/play/710,カテゴリー
ミッド・ナイト・エクスプレス第7話「エキスポキッス」,劇団名坂口修一,https://kan-geki.com/streaming/play/711,カテゴリー
ミッド・ナイト・エクスプレス第8話「押し初体験」,劇団名坂口修一,https://kan-geki.com/streaming/play/712,カテゴリー
ミッド・ナイト・エクスプレス第9話「取締役専務　中川恵一」,劇団名坂口修一,https://kan-geki.com/streaming/play/713,カテゴリー
ミッド・ナイト・エクスプレス第10話「押し工養成装置」,劇団名坂口修一,https://kan-geki.com/streaming/play/714,カテゴリー
ミッド・ナイト・エクスプレス第11話「正社員恋愛」,劇団名坂口修一,https://kan-geki.com/streaming/play/715,カテゴリー
ミッド・ナイト・エクスプレス第12話「修学旅行」,劇団名坂口修一,https://kan-geki.com/streaming/play/716,カテゴリー
ミッド・ナイト・エクスプレス第13話「愛の告白大作戦in摩周湖」,劇団名坂口修一,https://kan-geki.com/streaming/play/717,カテゴリー
ミッド・ナイト・エクスプレス第14話「父の日」,劇団名坂口修一,https://kan-geki.com/streaming/play/718,カテゴリー
ミッド・ナイト・エクスプレス第15話「ハイライト」,劇団名坂口修一,https://kan-geki.com/streaming/play/719,カテゴリー
ミッド・ナイト・エクスプレス第16話「少年よ大志を抱け」,劇団名坂口修一,https://kan-geki.com/streaming/play/720,カテゴリー
ミッド・ナイト・エクスプレス第17話「家宝の壷」,劇団名坂口修一,https://kan-geki.com/streaming/play/721,カテゴリー
ミッド・ナイト・エクスプレス第18話「卒業」,劇団名坂口修一,https://kan-geki.com/streaming/play/722,カテゴリー
ミッド・ナイト・エクスプレス第19話「入社式」,劇団名坂口修一,https://kan-geki.com/streaming/play/723,カテゴリー
ミッド・ナイト・エクスプレス第20話「今度こそ入社式」,劇団名坂口修一,https://kan-geki.com/streaming/play/724,カテゴリー
ミッド・ナイト・エクスプレス第21話「新入社員研修」,劇団名坂口修一,https://kan-geki.com/streaming/play/725,カテゴリー
ミッド・ナイト・エクスプレス第22話「ギッコンバッタン」,劇団名坂口修一,https://kan-geki.com/streaming/play/726,カテゴリー
ミッド・ナイト・エクスプレス第23話「凱風快晴」,劇団名坂口修一,https://kan-geki.com/streaming/play/727,カテゴリー
ミッド・ナイト・エクスプレス第24話「和敬清寂」,劇団名坂口修一,https://kan-geki.com/streaming/play/728,カテゴリー
ミッド・ナイト・エクスプレス第25話「バビロンの空中電車」,劇団名坂口修一,https://kan-geki.com/streaming/play/729,カテゴリー
ミッド・ナイト・エクスプレス第26話「さよならシルバーフォックス」,劇団名坂口修一,https://kan-geki.com/streaming/play/730,カテゴリー
ミッド・ナイト・エクスプレス第27話「帰ってきたシルバーフォックス」,劇団名坂口修一,https://kan-geki.com/streaming/play/731,カテゴリー
ミッド・ナイト・エクスプレス第28話「光源氏」,劇団名坂口修一,https://kan-geki.com/streaming/play/732,カテゴリー
ミッド・ナイト・エクスプレス第29話「各停飲み」,劇団名坂口修一,https://kan-geki.com/streaming/play/733,カテゴリー
ミッド・ナイト・エクスプレス第30話「お帰りなさいませご主人様」,劇団名坂口修一,https://kan-geki.com/streaming/play/734,カテゴリー
ミッド・ナイト・エクスプレス第31話「秋葉原」,劇団名坂口修一,https://kan-geki.com/streaming/play/735,カテゴリー
ミッド・ナイト・エクスプレス第32話「地下アイドル」,劇団名坂口修一,https://kan-geki.com/streaming/play/736,カテゴリー
ミッド・ナイト・エクスプレス第33話「クラブレジェンド」,劇団名坂口修一,https://kan-geki.com/streaming/play/737,カテゴリー
ミッド・ナイト・エクスプレス第34話「灰皿の詩」,劇団名坂口修一,https://kan-geki.com/streaming/play/738,カテゴリー
ミッド・ナイト・エクスプレス第35話「キャッチ大作戦！」,劇団名坂口修一,https://kan-geki.com/streaming/play/739,カテゴリー
ミッド・ナイト・エクスプレス第36話「シルバーフォックスの秘密」,劇団名坂口修一,https://kan-geki.com/streaming/play/740,カテゴリー
ミッド・ナイト・エクスプレス第37話「ホッとするステーションとは？」,劇団名坂口修一,https://kan-geki.com/streaming/play/741,カテゴリー
ミッド・ナイト・エクスプレス第38話「駅ホストラガール」,劇団名坂口修一,https://kan-geki.com/streaming/play/742,カテゴリー
ミッド・ナイト・エクスプレス第39話「有休休暇」,劇団名坂口修一,https://kan-geki.com/streaming/play/743,カテゴリー
ミッド・ナイト・エクスプレス第40話「軍団騎士」,劇団名坂口修一,https://kan-geki.com/streaming/play/744,カテゴリー
ミッド・ナイト・エクスプレス第41話「二律背反」,劇団名坂口修一,https://kan-geki.com/streaming/play/745,カテゴリー
