id,name,website,group,profile,masterpiece
,上田誠,,劇団ヨーロッパ企画,,
,田辺剛,,下鴨車窓,,
,ケラリーノ・サンドロヴィッチ,,
,タニノクロウ,,
,サリngROCK,,突劇金魚
,成井豊,,
,中村賢司,,
,柴幸男,,
,野田秀樹,,NODA・MAP
,別役実,,
,本谷有希子,,
,高橋いさを,,
,土田英生,,MONO
,坂手洋二,,燐光群
,横内謙介,,劇団扉座
,小幡欣治,,
,土田英生,,
,岩松了,,
,山内ケンジ,,
,オノマリコ,,
,永井愛,,
,久野那美,,
,鴻上尚史,,
,土田英生,,
,中屋敷法仁,,
,宮沢章夫,,
,鄭義信,,
,平田オリザ,,
,松田正隆,,
,鈴江俊郎,,
,松尾スズキ,,
,深津篤史,,
,ケラリーノ・サンドロヴィッチ,,
,三谷幸喜,,
,中島かずき,,
,倉持裕,,
,岡田利規,,
,宮藤官九郎,,
,三浦大輔,,
,佃典彦,,
,前田司郎,,
,蓬莱竜太,,
,松井周,,
,矢内原美邦,,
,藤田貴大,,
,ノゾエ征爾,,
,岩井秀人,,
,赤堀雅秋,,
,飴屋法水,,
,福原充則,,
,神里雄大,,
,松原俊太郎,,